a_lester2021_n64_p16	0	4.268
a_lester2021_n64	0	4.498
a_lester_brk_n64_p16	0	4.597
a_lester_brk_n64	0	4.415
a_control2d_n64_p16	0	4.808
a_control2d_n64	0	4.995
a_two_mode_n64_p16	0	4.548
a_two_mode_n64	0	4.682
a_generic3d_n64_p16	0	5.215
a_generic3d_n64	0	5.319
a_lester2021_n128_p16	0	5.144
a_lester2021_n128	0	5.220
a_lester_brk_n128_p16	0	5.241
a_lester_brk_n128	0	5.423
a_control2d_n128_p16	0	5.957
a_control2d_n128	0	5.793
a_two_mode_n128_p16	0	5.348
a_two_mode_n128	0	5.591
a_generic3d_n128_p16	0	6.656
a_generic3d_n128	0	6.655
a_lester2021_n256_p16	0	11.128
a_lester2021_n256	0	11.462
a_lester_brk_n256_p16	0	12.416
a_lester_brk_n256	0	11.868
a_control2d_n256_p16	0	10.148
a_control2d_n256	0	10.551
a_two_mode_n256_p16	0	11.479
a_two_mode_n256	0	11.436
a_generic3d_n256_p16	0	12.429
a_generic3d_n256	0	13.127
