y0,z0
0.08564916714362436,0.28420116374879145
0.2368105065960997,0.648547207079825
0.8012744652063969,0.6962159966701554
0.5821620360643678,0.2927207490124871
0.09412864224039919,0.0014900835088361708
0.4331269402364738,0.9734602747664127
0.479051298140834,0.29840122301687566
0.15973891463707857,0.3139860020343368
0.7345771514092145,0.8917110704451572
0.11367201992140341,0.5851629398909081
0.39122819049566204,0.47130966518183137
0.5167401826213637,0.7732770096488164
0.4306280204141778,0.030346007662471197
0.5867985714381407,0.7069650956556235
0.7378377872921602,0.3742438334784708
0.9562672548360985,0.09085271350425783
