backend,t,n,alpha_L_mean,alpha_L_ci95,alpha_L_lower,alpha_L_upper,alpha_T1_mean,alpha_T1_ci95,alpha_T1_lower,alpha_T1_upper,alpha_T2_mean,alpha_T2_ci95,alpha_T2_lower,alpha_T2_upper
face,10.0,100,0.06683355122912095,0.0092436099717124,0.05758994125740855,0.07607716120083335,0.00416211043789365,0.010011166484475956,-0.005849056046582306,0.014173276922369606,0.01150086962090456,0.012821448737539579,-0.0013205791166350182,0.024322318358444138
face,20.0,100,0.08555173726461837,0.01186208829570136,0.07368964896891701,0.09741382556031973,0.005327147896458958,0.00988700052103947,-0.004559852624580512,0.015214148417498428,0.015122414903417904,0.012697458504197952,0.002424956399219951,0.027819873407615856
face,30.0,100,0.11965699369476421,0.016595233294569817,0.1030617604001944,0.13625222698933404,0.007243522001966707,0.010314648327797483,-0.003071126325830776,0.01755817032976419,0.021074827142794697,0.012923411191390299,0.008151415951404398,0.033998238334185
face,40.0,100,0.1490776146245803,0.0208718137069655,0.1282058009176148,0.1699494283315458,0.008348818195163487,0.010944559276945534,-0.0025957410817820468,0.01929337747210902,0.025059251020499308,0.013238269310540608,0.0118209817099587,0.03829752033103992
face,50.0,100,0.17753262830193153,0.025441537429621103,0.15209109087231043,0.20297416573155264,0.009023900725169547,0.011013158981035432,-0.0019892582558658847,0.02003705970620498,0.026979212028980768,0.013010046541382747,0.013969165487598021,0.03998925857036351
face,60.0,100,0.20530689203181088,0.029708874574067762,0.17559801745774312,0.23501576660587864,0.00987982687025998,0.010954977663601376,-0.0010751507933413965,0.020834804533861356,0.026336734962541873,0.012184325884057033,0.01415240907848484,0.038521060846598905
face,70.0,100,0.23074587894762438,0.03288753408457728,0.1978583448630471,0.26363341303220167,0.011582253342681032,0.011058012896500467,0.0005242404461805652,0.0226402662391815,0.023861187782628718,0.011226257635713836,0.012634930146914882,0.03508744541834255
face,80.0,100,0.25315753419242726,0.03513988346183725,0.21801765073059,0.28829741765426453,0.01398388953119002,0.010875480607986326,0.003108408923203694,0.024859370139176346,0.021130790284696575,0.010617857344853801,0.010512932939842774,0.031748647629550375
face,90.0,100,0.27132554851680285,0.03615998353626118,0.23516556498054167,0.30748553205306406,0.015655536347293886,0.010476924988164951,0.0051786113591289346,0.026132461335458837,0.01920328425850619,0.010284027087966689,0.0089192571705395,0.02948731134647288
face,100.0,100,0.28660394265097344,0.03642128144743562,0.2501826612035378,0.32302522409840906,0.016110050422110063,0.010121240717355939,0.005988809704754124,0.026231291139466,0.018223308649498116,0.010235467152832805,0.00798784149666531,0.028458775802330923
face,110.0,100,0.301009583114795,0.03697094762169374,0.26403863549310125,0.3379805307364887,0.016419014202031627,0.010105824885588172,0.006313189316443455,0.0265248390876198,0.018202905924112556,0.010604409971996237,0.007598495952116318,0.02880731589610879
face,120.0,100,0.3160525263713689,0.038514853264529234,0.27753767310683963,0.35456737963589813,0.016608615647899335,0.010298810044649616,0.006309805603249719,0.02690742569254895,0.01870992003118652,0.011077628510885573,0.0076322915203009475,0.029787548542072093
face,130.0,100,0.33255937268254926,0.04088134298249247,0.2916780297000568,0.3734407156650417,0.01615070904802491,0.010498132687054644,0.005652576360970265,0.026648841735079552,0.019335420512152725,0.011561437765213596,0.007773982746939129,0.030896858277366324
face,140.0,100,0.34893072293084243,0.04353021466100447,0.30540050826983794,0.3924609375918469,0.015192821161201055,0.010576505749073359,0.004616315412127696,0.025769326910274414,0.019471572224138315,0.011884368581528415,0.0075872036426099,0.03135594080566673
face,150.0,100,0.36529502805064845,0.046570564524743105,0.31872446352590533,0.41186559257539157,0.013677824825990708,0.010493827888617998,0.0031839969373727104,0.024171652714608707,0.018752691959692834,0.011775268978702076,0.006977422980990758,0.03052796093839491
face,160.0,100,0.3814757743375277,0.049680812847176736,0.331794961490351,0.43115658718470445,0.012079841536200824,0.01041046627697469,0.0016693752592261343,0.022490307813175514,0.018076269221109862,0.011353313767778622,0.00672295545333124,0.029429582988888484
face,170.0,100,0.39403475221494666,0.05129937603268268,0.34273537618226396,0.44533412824762936,0.011005112212568457,0.010190404425775455,0.0008147077867930019,0.02119551663834391,0.01773797335841252,0.010913941493737684,0.006824031864674835,0.028651914852150205
face,180.0,100,0.4029112198929446,0.05152959199060455,0.35138162790234007,0.4544408118835491,0.010870597411144059,0.009874333415656165,0.0009962639954878942,0.020744930826800224,0.016799614203658345,0.010410802743596872,0.006388811460061473,0.027210416947255216
face,190.0,100,0.4097210703506087,0.05108698874384944,0.35863408160675925,0.4608080590944581,0.011435292454210459,0.00962266693289067,0.0018126255213197894,0.02105795938710113,0.015653976061420227,0.009999586421539816,0.00565438963988041,0.025653562482960045
face,200.0,100,0.4135164053489041,0.04982608937713325,0.36369031597177087,0.46334249472603733,0.011943361204379842,0.009520714652939665,0.002422646551440177,0.021464075857319506,0.01413512108381727,0.009777715235836839,0.004357405847980431,0.02391283631965411
face,210.0,100,0.4139884350780437,0.048513994888649214,0.3654744401893945,0.46250242996669294,0.012144603168272036,0.009473822844951615,0.00267078032332042,0.02161842601322365,0.012336502888372604,0.009582735036056469,0.002753767852316135,0.021919237924429073
face,220.0,100,0.4123730531695095,0.046943687502171726,0.3654293656673378,0.4593167406716812,0.011943354573766727,0.00929917733734277,0.002644177236423956,0.021242531911109495,0.011240762481072798,0.00947122147821691,0.0017695410028558869,0.020711983959289706
face,230.0,100,0.4076968497872014,0.04464522016980156,0.36305162961739984,0.45234206995700293,0.011801240796549995,0.009013632547880061,0.002787608248669934,0.02081487334443006,0.010688773210136166,0.009451064389107039,0.0012377088210291272,0.020139837599243204
face,240.0,100,0.4001135010834575,0.04185701196928809,0.3582564891141694,0.4419705130527456,0.011509979015464614,0.008693040864792037,0.0028169381506725766,0.02020301988025665,0.009565866577262579,0.009372328392537361,0.0001935381847252178,0.01893819496979994
face,250.0,100,0.39196906417008703,0.03976178939977911,0.35220727477030794,0.4317308535698661,0.010398301440043084,0.008384361018315429,0.002013940421727655,0.018782662458358513,0.008186150406031805,0.009245982564957986,-0.0010598321589261814,0.01743213297098979
face,260.0,100,0.3832576852790818,0.03862989991570926,0.3446277853633725,0.421887585194791,0.009215709773229275,0.008020090273979572,0.0011956194992497025,0.017235800047208847,0.0072849830188016365,0.009077003830468534,-0.0017920208116668978,0.01636198684927017
face,270.0,100,0.37514644515641626,0.038856596062582655,0.33628984909383364,0.4140030412189989,0.008417968862156748,0.007638479978775257,0.0007794888833814913,0.016056448840932006,0.005970696469650014,0.008794544787733236,-0.0028238483180832216,0.01476524125738325
face,280.0,100,0.36638417429583225,0.03891802969385407,0.3274661446019782,0.4053022039896863,0.00768184989712535,0.0074324981561795424,0.0002493517409458074,0.015114348053304891,0.004466141420439696,0.008483842042435201,-0.004017700621995505,0.012949983462874896
face,290.0,100,0.3547325067659682,0.03876351230113399,0.3159689944648342,0.3934960190671022,0.007405576184706632,0.007328106792609713,7.746939209691845e-05,0.014733682977316344,0.0030232830780770057,0.00813799992545696,-0.005114716847379954,0.011161283003533966
face,300.0,100,0.3388160413944813,0.038965469086894036,0.29985057230758727,0.3777815104813753,0.00759961696695241,0.007198274026203019,0.00040134294074939056,0.014797890993155429,0.0016985916742664733,0.007813085503072192,-0.006114493828805719,0.009511677177338666
face,310.0,100,0.32219334874394373,0.03953979703860841,0.28265355170533535,0.3617331457825521,0.00764530259246708,0.006994907529951251,0.0006503950625158291,0.014640210122418331,0.0008872088704314124,0.0077084152340621825,-0.00682120636363077,0.008595624104493596
face,320.0,100,0.3060410734605189,0.04091211532920867,0.2651289581313102,0.3469531887897276,0.007763913976780342,0.00680294895279618,0.0009609650239841621,0.014566862929576523,0.00046474874302601557,0.007641145748027781,-0.007176397005001765,0.008105894491053795
face,330.0,100,0.2862801559053974,0.04241496092400698,0.24386519498139042,0.3286951168294044,0.008062581794986723,0.006654750259475903,0.0014078315355108206,0.014717332054462625,0.00014761674838248293,0.007529113400686768,-0.007381496652304285,0.007676730149069251
face,340.0,100,0.2656163697144392,0.04417464336343871,0.22144172635100048,0.30979101307787793,0.008000474013437892,0.006449224371034361,0.0015512496424035307,0.014449698384472253,-0.0001963978801455631,0.0073227271686352804,-0.007519125048780844,0.007126329288489717
face,350.0,100,0.24662786481092247,0.04631958593612719,0.20030827887479527,0.29294745074704964,0.007646128935844732,0.006323673448573218,0.001322455487271514,0.013969802384417949,-0.0001775176669480424,0.007061493628881971,-0.007239011295830013,0.006883975961933929
face,360.0,100,0.22826051486189816,0.04768486467971619,0.18057565018218197,0.27594537954161436,0.007361601096027309,0.006261993232801609,0.0010996078632257,0.013623594328828918,0.0005592066627383322,0.006837345689032768,-0.006278139026294436,0.007396552351771101
face,370.0,100,0.20954667274047553,0.0485924667296577,0.16095420601081784,0.2581391394701332,0.007230963315579615,0.006139884407967383,0.0010910789076122324,0.013370847723546998,0.0015256401805816059,0.006602662203351289,-0.005077022022769683,0.008128302383932895
face,380.0,100,0.19042418210045522,0.049603310655545685,0.14082087144490954,0.2400274927560009,0.006750017237933549,0.0059770377454192464,0.0007729794925143028,0.012727054983352797,0.002172119492037109,0.006343015613254422,-0.0041708961212173126,0.00851513510529153
face,390.0,100,0.1725380632706065,0.05004230277654883,0.12249576049405766,0.22258036604715534,0.006072650613320392,0.005746950117288297,0.0003257004960320947,0.011819600730608688,0.0025518192771646136,0.006110298097587784,-0.0035584788204231707,0.008662117374752398
face,400.0,100,0.15647464767310051,0.05027184417860444,0.10620280349449607,0.20674649185170496,0.005931827870257086,0.005450791767588348,0.0004810361026687379,0.011382619637845433,0.0031247580821943876,0.005973059486372603,-0.0028483014041782153,0.00909781756856699
face,410.0,100,0.14015361312895705,0.05098985890472222,0.08916375422423484,0.19114347203367926,0.006069991604776562,0.005214109311525596,0.0008558822932509657,0.011284100916302157,0.0038503266373419863,0.005844199530986125,-0.001993872893644139,0.009694526168328112
face,420.0,100,0.12285317450761853,0.051545510931670965,0.07130766357594756,0.1743986854392895,0.005954256547975394,0.005104335508688591,0.000849921039286803,0.011058592056663985,0.004417921932043741,0.005694207195693515,-0.0012762852636497742,0.010112129127737256
face,430.0,100,0.10596561939411128,0.05194606434516512,0.05401955504894616,0.1579116837392764,0.005902377301526031,0.005013935135925502,0.0008884421656005287,0.010916312437451534,0.004535248809479417,0.0054914621629806514,-0.0009562133535012344,0.010026710972460069
face,440.0,100,0.0906580150144503,0.052835729173027465,0.03782228584142283,0.14349374418747776,0.00633263133764091,0.005035030630278577,0.001297600707362333,0.011367661967919487,0.0043371932987800715,0.005334492175392922,-0.0009972988766128506,0.009671685474172994
face,450.0,100,0.07546806551414861,0.05357338207854746,0.02189468343560115,0.1290414475926961,0.006472608492217827,0.005088046617237017,0.0013845618749808095,0.011560655109454844,0.004052540818260968,0.005287351856822676,-0.0012348110385617082,0.009339892675083644
face,460.0,100,0.06000467521761536,0.05399574820659547,0.006008927011019884,0.11400042342421082,0.0061086847121593095,0.005127653496816695,0.0009810312153426147,0.011236338208976005,0.0037187423686784204,0.005253063409686369,-0.0015343210410079483,0.008971805778364789
face,470.0,100,0.04632502764403278,0.05424736699020385,-0.007922339346171065,0.10057239463423663,0.005947263889220183,0.0051950927007049594,0.0007521711885152237,0.011142356589925143,0.003585407249686781,0.005192868417033184,-0.001607461167346403,0.008778275666719964
face,480.0,100,0.034127672186887024,0.053890476790043315,-0.01976280460315629,0.08801814897693033,0.006259286400360536,0.00518486658700894,0.0010744198133515953,0.011444152987369477,0.00368731417883408,0.005059953203549884,-0.0013726390247158042,0.008747267382383964
face,490.0,100,0.022237599113650464,0.05337586924327661,-0.031138270129626142,0.07561346835692707,0.006235438712090964,0.0050964436768650995,0.0011389950352258642,0.011331882388956063,0.0035865472309172183,0.004944855531938275,-0.001358308301021057,0.008531402762855494
face,500.0,100,0.016355626215700858,0.05321732198287364,-0.036861695767172784,0.0695729481985745,0.005938089575048864,0.00506464074969474,0.0008734488253541242,0.011002730324743604,0.0033904188242513773,0.004914611041251884,-0.0015241922170005067,0.008305029865503261
kh,10.0,100,0.06891626274173844,0.009714521362319473,0.05920174137941897,0.07863078410405791,0.005566841171059882,0.01035072654718647,-0.004783885376126589,0.015917567718246352,0.013712277636685059,0.013123096002246296,0.0005891816344387631,0.026835373638931355
kh,20.0,100,0.08770294545739472,0.012421576627074892,0.07528136883031983,0.10012452208446962,0.006789902513425135,0.010234099796669283,-0.0034441972832441473,0.01702400231009442,0.017580577659134036,0.01318824830046158,0.004392329358672455,0.030768825959595618
kh,30.0,100,0.12235064434062265,0.017453917122920083,0.10489672721770257,0.13980456146354273,0.008693386595230586,0.010743051899642966,-0.00204966530441238,0.019436438494873552,0.023992590748817866,0.013530413397952338,0.010462177350865529,0.037523004146770206
kh,40.0,100,0.15273565606006748,0.021980537012440564,0.1307551190476269,0.17471619307250805,0.009861162423685689,0.011389675147873519,-0.0015285127241878305,0.021250837571559208,0.02861122685404004,0.013861296909754923,0.014749929944285117,0.04247252376379496
kh,50.0,100,0.18164719892969894,0.026232401084535235,0.1554147978451637,0.20787960001423417,0.010926394949504956,0.011367888685691017,-0.00044149373618606116,0.022294283635195974,0.03064043166952924,0.013669033129416993,0.016971398540112245,0.044309464798946235
kh,60.0,100,0.21046930027881067,0.03040122010687829,0.18006808017193238,0.24087052038568896,0.01245874833184099,0.011452407420915186,0.001006340910925805,0.023911155752756177,0.029024515191790657,0.012602615000951677,0.01642190019083898,0.041627130192742334
kh,70.0,100,0.23661360065344486,0.033848461182687625,0.20276513947075725,0.2704620618361325,0.014631834274481049,0.011586435211887344,0.0030453990625937052,0.026218269486368392,0.026171488630117232,0.01154290539930231,0.014628583230814922,0.03771439402941954
kh,80.0,100,0.2584949469680318,0.03625291510213342,0.22224203186589842,0.29474786207016523,0.016801903926376933,0.011233983305080453,0.00556792062129648,0.028035887231457387,0.0232372722360009,0.010903187304661187,0.012334084931339712,0.03414045954066208
kh,90.0,100,0.27688774095335456,0.03733893937710411,0.23954880157625044,0.31422668033045864,0.01810004861178795,0.010809437091737059,0.007290611520050892,0.028909485703525008,0.02076441564963843,0.010583732287301823,0.010180683362336608,0.031348147936940254
kh,100.0,100,0.29190838099484506,0.03752496354621347,0.2543834174486316,0.32943334454105855,0.018287340376113115,0.010484035704269878,0.007803304671843238,0.028771376080382993,0.019926341812998474,0.010634555109240437,0.009291786703758038,0.03056089692223891
kh,110.0,100,0.30692194845374,0.038552061326254404,0.2683698871274856,0.3454740097799944,0.01825825097005365,0.010523966947250336,0.007734284022803312,0.028782217917303985,0.02052323491198717,0.011078095848303236,0.009445139063683935,0.03160133076029041
kh,120.0,100,0.32419750633576355,0.04087603539753352,0.28332147093823,0.3650735417332971,0.018446787853777496,0.010952008559397933,0.007494779294379562,0.02939879641317543,0.021667137077894597,0.011672641227570552,0.009994495850324045,0.03333977830546515
kh,130.0,100,0.3423024892250795,0.043978826263925165,0.2983236629611543,0.3862813154890047,0.018110420747520135,0.01115696431652066,0.006953456430999474,0.029267385064040793,0.022367838145977734,0.012201893101626385,0.01016594504435135,0.03456973124760412
kh,140.0,100,0.3598577019405728,0.0472451962563501,0.3126125056842227,0.4071028981969229,0.01625300121654562,0.010911972229733311,0.00534102898681231,0.027164973446278932,0.021834574270907427,0.012275957896112905,0.009558616374794522,0.034110532167020334
kh,150.0,100,0.3766043854270901,0.050856088846980174,0.32574829658010995,0.4274604742740703,0.01421133702770177,0.0108027348133764,0.00340860221432537,0.02501407184107817,0.020742409252223884,0.011893813134762222,0.008848596117461662,0.0326362223869861
kh,160.0,100,0.3912433310355826,0.05382481816018116,0.3374185128754015,0.44506814919576376,0.013370239216474946,0.010857793752618172,0.0025124454638567745,0.02422803296909312,0.02031457196396962,0.011416035466409926,0.008898536497559693,0.031730607430379545
kh,170.0,100,0.4008963061213927,0.05409289245765031,0.3468034136637424,0.454989198579043,0.013405617867998489,0.010606126056762664,0.0027994918112358245,0.02401174392476115,0.019777111744380495,0.010935302198000634,0.00884180954637986,0.03071241394238113
kh,180.0,100,0.4066029772218078,0.05291245589849793,0.3536905213233099,0.45951543312030574,0.013876361270727012,0.010318609125050593,0.0035577521456764197,0.024194970395777605,0.018805836087857086,0.0106015485207803,0.008204287567076786,0.029407384608637385
kh,190.0,100,0.41031456983726394,0.05171893207654664,0.3585956377607173,0.4620335019138106,0.013815566367988325,0.010011291789961182,0.0038042745780271434,0.023826858157949507,0.017245109538153162,0.01037369591105455,0.0068714136270986124,0.027618805449207712
kh,200.0,100,0.41340983085075683,0.05055810537048675,0.36285172548027006,0.4639679362212436,0.013454755790192494,0.009618362598787568,0.0038363931914049253,0.02307311838898006,0.015340549302434779,0.010127962522084453,0.005212586780350326,0.02546851182451923
kh,210.0,100,0.41505966842874814,0.049320698671599994,0.36573896975714815,0.46438036710034813,0.013163243214225814,0.009458268889682086,0.0037049743245437285,0.0226215121039079,0.013987223787494226,0.009975275240970968,0.0040119485465232585,0.023962499028465194
kh,220.0,100,0.41077345827466216,0.046391657492256766,0.3643818007824054,0.45716511576691893,0.013068052666380591,0.009325645631412697,0.0037424070349678946,0.022393698297793287,0.012957658741359464,0.009836841137535298,0.0031208176038241657,0.022794499878894762
kh,230.0,100,0.40354294308941907,0.04285598074681277,0.3606869623426063,0.44639892383623186,0.012990905009696704,0.009099810918336065,0.003891094091360639,0.02209071592803277,0.011921280952613472,0.009771558623722082,0.0021497223288913896,0.021692839576335554
kh,240.0,100,0.39623278348789215,0.0409198505177807,0.35531293297011146,0.43715263400567284,0.012311420226839115,0.00880037170143472,0.0035110485254043946,0.021111791928273838,0.010572951163819722,0.009682812929662396,0.0008901382341573259,0.02025576409348212
kh,250.0,100,0.3875694796312245,0.03986788384072206,0.34770159579050247,0.42743736347194655,0.011171533754579835,0.008438166708454212,0.002733367046125623,0.01960970046303405,0.008836904183660016,0.009370947323186002,-0.0005340431395259859,0.018207851506846017
kh,260.0,100,0.37901313262210273,0.039530708407385796,0.3394824242147169,0.41854384102948855,0.010106435334157301,0.008074117053702517,0.0020323182804547844,0.018180552387859816,0.007528318244826079,0.008964229795176342,-0.0014359115503502634,0.01649254804000242
kh,270.0,100,0.36923531499346346,0.03976753884883596,0.3294677761446275,0.4090028538422994,0.009162313535364468,0.00781701958030102,0.0013452939550634476,0.01697933311566549,0.0068682302430083325,0.008609948396238009,-0.001741718153229676,0.015478178639246342
kh,280.0,100,0.35750910562370963,0.040156115445608764,0.31735299017810087,0.3976652210693184,0.008613786247708267,0.007682581495743447,0.00093120475196482,0.016296367743451716,0.005407627229737148,0.00834577737533112,-0.002938150145593973,0.013753404605068268
kh,290.0,100,0.3446241598265896,0.040887591426736085,0.3037365683998535,0.3855117512533257,0.008733900909693577,0.007575028348152058,0.001158872561541519,0.016308929257845634,0.0034372024144830393,0.008256145530285499,-0.00481894311580246,0.011693347944768537
kh,300.0,100,0.32842769732170546,0.041879576046358946,0.2865481212753465,0.3703072733680644,0.009083270828930354,0.007387041546451878,0.001696229282478476,0.016470312375382233,0.0021384749418385837,0.008236434384184302,-0.006097959442345717,0.010374909326022886
kh,310.0,100,0.3104066558675401,0.04311155950870772,0.2672950963588324,0.35351821537624784,0.009290351991193987,0.00711950206613105,0.0021708499250629367,0.016409854057325035,0.0015933753702562687,0.008115213126362496,-0.006521837756106228,0.009708588496618766
kh,320.0,100,0.29033338196512026,0.04497434666670606,0.2453590352984142,0.33530772863182634,0.009213909044746914,0.006945747145871523,0.002268161898875391,0.016159656190618436,0.0011694282216681098,0.00788598286561066,-0.00671655464394255,0.009055411087278769
kh,330.0,100,0.2673331499516989,0.04684349391871563,0.22048965603298326,0.3141766438704145,0.008693751018352826,0.006815988054769509,0.0018777629635833171,0.015509739073122334,0.0010599319859583153,0.0076632635780201795,-0.006603331592061864,0.008723195563978495
kh,340.0,100,0.24604882461708666,0.04831606024896009,0.19773276436812656,0.2943648848660467,0.008134998540167901,0.006687572393637782,0.0014474261465301187,0.014822570933805682,0.0016876469600107663,0.0074564707636524214,-0.005768823803641655,0.009144117723663189
kh,350.0,100,0.2262598361909527,0.04955252879893922,0.17670730739201346,0.2758123649898919,0.007684357917475933,0.006611756646167999,0.0010726012713079339,0.014296114563643932,0.002403890125944082,0.00724672655035095,-0.004842836424406868,0.009650616676295031
kh,360.0,100,0.20781329582874838,0.050378237424444715,0.15743505840430366,0.2581915332531931,0.006907855018809878,0.006508084163656699,0.000399770855153179,0.013415939182466578,0.0030332115138569198,0.007061375159381026,-0.004028163645524106,0.010094586673237945
kh,370.0,100,0.19092976302987644,0.05078028488595855,0.14014947814391787,0.241710047915835,0.006657762579745892,0.006223548374708062,0.00043421420503783007,0.012881310954453953,0.003193085974791244,0.0068515692310156945,-0.0036584832562244506,0.010044655205806939
kh,380.0,100,0.17474328093604563,0.05143397089296621,0.12330931004307942,0.22617725182901183,0.007470690056408803,0.005809299820634233,0.0016613902357745704,0.013279989877043036,0.0034060037685508904,0.006614806226159441,-0.0032088024576085506,0.010020809994710332
kh,390.0,100,0.1580411841603507,0.05203049156154303,0.10601069259880767,0.21007167572189372,0.008276076266966212,0.005507459696368989,0.002768616570597223,0.0137835359633352,0.004054258848633458,0.0063498839156982834,-0.002295625067064826,0.010404142764331742
kh,400.0,100,0.1411718231810932,0.052648885130359036,0.08852293805073416,0.19382070831145223,0.008347622963303885,0.005425361225692719,0.0029222617376111664,0.013772984188996605,0.0044452514095286895,0.0060804369391585684,-0.001635185529629879,0.010525688348687258
kh,410.0,100,0.12443715717700403,0.05328099081367536,0.07115616636332867,0.1777181479906794,0.008037016179233181,0.005473619446716694,0.0025633967325164875,0.013510635625949875,0.004734080041248875,0.005989166449719566,-0.0012550864084706912,0.010723246490968442
kh,420.0,100,0.10736351843613358,0.05377508807716791,0.05358843035896567,0.16113860651330147,0.0076615520419002535,0.005475782325489728,0.0021857697164105253,0.013137334367389982,0.004947065725846623,0.005873716795548969,-0.000926651069702346,0.010820782521395591
kh,430.0,100,0.08946051414205836,0.05425422236874748,0.035206291773310874,0.14371473651080585,0.0073754726943241556,0.005384557131852365,0.0019909155624717907,0.01276002982617652,0.005103915054548768,0.005656844859777951,-0.0005529298052291834,0.01076075991432672
kh,440.0,100,0.07091463544074096,0.05499952416061824,0.01591511128012272,0.1259141596013592,0.007231053528664208,0.005442911041207435,0.0017881424874567732,0.012673964569871642,0.0054533167966647825,0.0055305095442734434,-7.719274760866097e-05,0.010983826340938226
kh,450.0,100,0.05512250600223799,0.05576526060482778,-0.0006427546025897929,0.11088776660706577,0.00698380392208591,0.005627782182918896,0.0013560217391670138,0.012611586105004804,0.005678408168406448,0.005437078077355975,0.00024133009105047325,0.011115486245762422
kh,460.0,100,0.04327960615629052,0.05610791255599966,-0.012828306399709138,0.09938751871229018,0.006864911113682713,0.005655461695366107,0.0012094494183166058,0.01252037280904882,0.005402370398876992,0.005377603368060696,2.4767030816295887e-05,0.010779973766937689
kh,470.0,100,0.033489154413692906,0.055950243337310454,-0.022461088923617548,0.08943939775100336,0.007162305257429234,0.005577397616968508,0.001584907640460726,0.012739702874397742,0.005044380216464429,0.0053064093992439346,-0.0002620291827795055,0.010350789615708364
kh,480.0,100,0.021565550269678293,0.05572927900758619,-0.03416372873790789,0.07729482927726448,0.007264090884258006,0.005430250461095608,0.0018338404231623981,0.012694341345353615,0.005209774632398115,0.005186423100657987,2.3351531740128072e-05,0.010396197733056101
kh,490.0,100,0.006684870108569798,0.05533988988123263,-0.04865501977266283,0.06202475998980243,0.006834877362444946,0.005283821409119189,0.0015510559533257568,0.012118698771564136,0.005350599805530448,0.00511520288381199,0.0002353969217184582,0.010465802689342437
kh,500.0,100,-0.0012385979573194,0.0550970473539016,-0.056335645311221,0.0538584493965822,0.006548196390983816,0.005233408156978396,0.00131478823400542,0.011781604547962211,0.005291668152397353,0.005126311641117345,0.0001653565112800081,0.010417979793514697
