seed,alpha_T1_face,alpha_T1_kh,delta_alpha_T1_kh_minus_face,alpha_T2_face,alpha_T2_kh,delta_alpha_T2_kh_minus_face
0,0.01681852357002936,0.02327581408195402,0.00645729051192466,0.03725846426659118,0.04138781461179315,0.004129350345201975
1,0.03822445365824387,0.03827456393253961,5.011027429574488e-05,-0.02696620838833987,-0.02347078517924965,0.0034954232090902183
2,-0.01739576906534348,-0.01734408160940075,5.1687455942729665e-05,0.02432925668632088,0.01952744984081655,-0.0048018068455043285
3,0.00768711924795789,0.004918435188606236,-0.0027686840593516542,-0.004141670037484437,0.0072011690010826,0.011342839038567035
4,-0.01829155488313554,-0.01371038558623113,0.0045811692969044086,-0.004696254840465553,-0.006055350779907894,-0.001359095939442341
5,0.004452491635300975,0.0129615097546397,0.008509018119338723,-0.0238654569336999,-0.02084425352891994,0.0030212034047799596
6,0.02963019618194958,0.02836247357800021,-0.001267722603949372,0.01264351484733779,0.01690663880277716,0.004263123955439369
7,0.03571889466900029,0.03975925245068502,0.004040357781684732,0.0322061999780788,0.02798227072911031,-0.004223929248968493
8,-0.01341633679868682,-0.01578064952141431,-0.0023643127227274876,-0.008552485476376024,-0.02035564456213033,-0.011803159085754307
9,0.02810695020230487,0.03925856937874923,0.011151619176444364,0.03494892866731389,0.03700616884520715,0.0020572401778932645
10,0.0002471090766623092,0.003519014678394888,0.003271905601732579,0.01365670033061833,0.01325396524727039,-0.00040273508334794095
11,-0.006965696956748433,-0.003586304545075109,0.0033793924116733236,4.800120901636547e-05,0.002830068835409475,0.0027820676263931093
12,0.003991831575932156,0.003105521009030054,-0.0008863105669021016,0.03817087560485671,0.04330568131248147,0.005134805707624757
13,-0.04213671536375114,-0.04254551518229637,-0.00040879981854523295,0.02539415186035185,0.02058463246806059,-0.00480951939229126
14,-0.01042801370459565,-0.01228461330743376,-0.0018565996028381097,0.01726030212885671,0.02182492909500434,0.004564626966147629
15,-0.001047159777993511,-0.01257763145691424,-0.01153047167892073,0.0436161776720517,0.03732193133061374,-0.006294246341437958
16,0.01056787515972392,0.005456182676267053,-0.005111692483456868,0.01281925288058846,0.01198828758299933,-0.0008309652975891299
17,0.01405693417426373,-0.0002327156089173514,-0.014289649783181082,0.03646674712984386,0.03433801037532831,-0.0021287367545155464
18,0.005686349964799592,0.01297512955666607,0.007288779591866477,0.02101850071412482,0.03376108841249516,0.012742587698370337
19,0.0134531208461005,0.010885165408389,-0.0025679554377114992,-0.001024758570804261,0.00903305793684558,0.010057816507649841
20,0.03504161290309421,0.0509816384079968,0.01594002550490259,0.02338547042976716,0.01424371364844701,-0.009141756781320152
21,-0.005134751401335234,-0.002184533132432262,0.002950218268902972,-0.002593565045787545,0.004556792721537931,0.007150357767325475
22,0.004844146321446897,0.01561148586204654,0.010767339540599642,0.0196496963148471,0.0175085961423858,-0.002141100172461302
23,0.04264146666924353,0.03620786408782296,-0.006433602581420575,-0.01096849903755065,-0.003591538466548081,0.007376960571002568
24,-0.006758906022414158,-0.007884967255150695,-0.0011260612327365378,0.005187204815429869,0.01200129283847054,0.00681408802304067
25,0.03582690593471635,0.03886131475433795,0.003034408819621595,-0.003662525098714832,-0.001324280508695665,0.002338244590019167
26,0.02899354102438665,0.02903806922657677,4.4528202190120825e-05,-0.03481009352803376,-0.03837560847754503,-0.003565514949511267
27,-0.02034698732867255,-0.005738557009793295,0.014608430318879257,-0.0100946240428515,-0.006586407476053865,0.0035082165667976355
28,0.03491469514747295,0.02402340114692488,-0.010891294000548075,-0.02437124071173894,-0.01726452522857871,0.00710671548316023
29,0.0239651750190169,0.01506952469560347,-0.008895650323413431,0.06548559866664,0.08010788424396159,0.014622285577321592
30,-0.0297762255686117,-0.03490852004205517,-0.005132294473443471,-0.01287581019147037,-0.009880852015544951,0.002994958175925419
31,0.003078911132234498,0.01189176573700679,0.008812854604772291,0.001981133566182689,-0.0009986716403465835,-0.0029798052065292727
32,-0.0128583691202366,-0.01230155524434813,0.0005568138758884691,-0.01483701575022715,-0.01214181148790522,0.0026952042623219295
33,0.03540903615026473,0.03344462633600633,-0.001964409814258397,-0.004957102907005174,-0.007795760696410435,-0.0028386577894052613
34,-0.04141240104999087,-0.04529046190503796,-0.0038780608550470913,0.003858989504448255,0.009365655563783368,0.005506666059335113
35,0.01873345383715496,0.01945970728501852,0.0007262534478635584,0.029239671415255,0.03084150728001405,0.001601835864759052
36,0.01868079148960969,0.02024507091825653,0.001564279428646842,-0.04931448980477872,-0.05309488466857438,-0.0037803948637956594
37,0.04037905537678599,0.04216206521268905,0.0017830098359030641,-0.02022755035200535,-0.01387044486454688,0.0063571054874584695
38,0.00181294142792467,0.00976032486388067,0.007947383435956,-0.06963533793540481,-0.06898364689788142,0.000651691037523397
39,-0.01037541076868438,-0.02011799923110666,-0.00974258846242228,-0.02105306894835449,-0.02126882517350532,-0.0002157562251508295
40,-0.008307123446014884,-0.00219438372648292,0.006112739719531964,0.006420931161436601,0.007051383796698065,0.0006304526352614642
41,-0.01248708078904019,-0.01301508590753947,-0.0005280051184992796,-0.01040838663816831,-0.002575562484706461,0.00783282415346185
42,0.03594146743973251,0.03625913425457838,0.00031766681484586556,-0.0311446833003698,-0.0302970015163708,0.0008476817839990006
43,0.03638575081613817,0.02885828006763331,-0.007527470748504864,0.03200773493283923,0.01986068220517918,-0.012147052727660052
44,-0.009569576565298485,-0.01040094550346839,-0.0008313689381699053,-0.01285241751161884,-0.01472621422687735,-0.0018737967152585092
45,-0.02103029823693651,-0.02613250581497996,-0.005102207578043447,-0.006339226997252263,0.0004320119459429407,0.006771238943195204
46,0.0916783049208083,0.0861063870992817,-0.005571917821526606,0.04548992737002118,0.05349803555260441,0.008008108182583233
47,-0.01250632089797582,-0.009736293267864677,0.0027700276301111434,0.0220532319030368,0.02904830827124606,0.006995076368209258
48,0.0001972228889979306,0.008685220090557413,0.008487997201559482,-0.0003475326192972716,0.005017963098756445,0.005365495718053717
49,0.01244765158590599,0.01144206935417606,-0.00100558223172993,-0.03578911913126067,-0.03394929824379869,0.0018398208874619779
50,0.009459426107010222,0.02749796907223354,0.018038542965223316,-0.01991408022620599,-0.02023051738896247,-0.0003164371627564812
51,-0.007154153876646888,-0.003963701337254315,0.003190452539392573,0.008143960672355025,0.003387583290872863,-0.004756377381482161
52,-0.005047392571607634,-0.005588516588985658,-0.000541124017378024,0.01196139977493731,0.01061140276248771,-0.001349997012449599
53,-0.008696719848137581,-0.0007279266409459524,0.007968793207191628,-0.02830771453685156,-0.01838271335419995,0.009925001182651612
54,0.007390021569043166,0.01137783448083501,0.003987812911791845,-0.03941062309479894,-0.03506466170932836,0.004345961385470581
55,0.005798843235380628,-0.007137933957297355,-0.012936777192677983,0.0631657888882808,0.08055998064774758,0.017394191759466784
56,-0.003000048093486112,-0.003548591340854182,-0.0005485432473680699,-0.001523936683891225,0.001414455498963071,0.0029383921828542957
57,0.04340344971694576,0.04761392072355521,0.0042104710066094495,0.00363021066984511,0.01124123033152864,0.007611019661683529
58,0.04430483866843933,0.03735177408720701,-0.006953064581232321,-0.02900100777297121,-0.02665376480797786,0.0023472429649933485
59,-0.01491975880052269,-0.01097215864911341,0.00394760015140928,-0.02950545886181935,-0.02912607020878204,0.0003793886530373096
60,-0.03091354687106359,-0.01786730377486383,0.013046243096199759,0.02067977343814273,0.02520533589646511,0.00452556245832238
61,-0.01953876735717931,-0.02763633563102631,-0.008097568273847,0.03648330350168253,0.0388380840754442,0.002354780573761671
62,0.01294396328647563,0.01773030057769865,0.0047863372912230195,-0.03439660175773315,-0.03412342678044515,0.00027317497728800155
63,-0.0228234626110454,-0.02815139722706517,-0.005327934616019769,0.02433008648532996,0.01755813497924537,-0.006771951506084593
64,0.007960036973732348,-0.002217825399816502,-0.010177862373548851,-0.0133546319334404,-0.02182855048386264,-0.00847391855042224
65,-0.008888181968202116,-0.009328815185035637,-0.0004406332168335209,-0.02625888806623116,-0.03620567473903066,-0.009946786672799503
66,-0.02278226683153771,-0.02203128392520739,0.0007509829063303206,-0.01178496022225154,-0.00290368564632081,0.008881274575930732
67,-0.03147533899514965,-0.02696730973226731,0.004508029262882338,0.01460390035570163,0.021711794563492,0.007107894207790368
68,-0.01029395772810312,-0.008787240490347178,0.0015067172377559428,0.04498660243485646,0.04395212040877232,-0.001034482026084138
69,-0.003852275842161908,-0.004131576631131611,-0.00027930078896970306,0.01743816219883302,0.01807000850191543,0.0006318463030824117
70,0.0003450775130164402,0.003370685185713228,0.003025607672696788,-0.01344424780333211,-0.01231421870353806,0.001130029099794051
71,-0.005615337226956034,7.037446490285219e-05,0.005685711691858886,0.02753974218759831,0.034043916963847,0.006504174776248692
72,-0.02914831764327391,-0.03488140866625618,-0.005733091022982268,0.04417402280346142,0.03879913505894947,-0.005374887744511954
73,-0.02143465421984583,-0.03155504083686683,-0.010120386617021002,0.00463969516449215,0.01476986934686429,0.01013017418237214
74,-0.00465114322515583,-0.01322996562204062,-0.00857882239688479,0.01707948657667294,0.01675827334279165,-0.0003212132338812901
75,0.01705477281639906,0.006459346487448784,-0.010595426328950275,0.008571105274316504,0.003988758580719878,-0.0045823466935966265
76,0.05097022134987056,0.05447566109237086,0.0035054397425003034,-0.01151985980321042,-0.0178330265672761,-0.006313166764065679
77,-0.02378023423103805,-0.02621717273467293,-0.00243693850363488,-0.02710311796373935,-0.02923898982611063,-0.0021358718623712795
78,0.02094813395674282,0.04492143493433105,0.023973300977588232,0.03685243854753499,0.03365284051659255,-0.003199598030942441
79,0.003727102786523756,0.01256794054389175,0.008840837757367995,-0.01715023516689107,-0.01381169695223143,0.003338538214659641
80,0.02793217309211759,0.01785324710649438,-0.01007892598562321,0.00909679480825871,0.02137520131348283,0.01227840650522412
81,0.02584848306882559,0.009487259995575733,-0.01636122307324986,-0.001800950600398937,-0.01344731892526761,-0.011646368324868674
82,-0.04398234189316717,-0.0399454541342915,0.0040368877588756735,-0.004017042046628194,-0.0003965131734919851,0.0036205288731362088
83,-0.01129434986758352,-0.006398579872974369,0.004895769994609151,-0.01257976290193037,-0.01281435604875733,-0.00023459314682696027
84,-0.01074386170083817,-0.01408436227066486,-0.003340500569826689,0.009666409853503866,0.01109335778864188,0.0014269479351380152
85,0.0401745095883467,0.03200949311925797,-0.00816501646908873,0.01159118953764264,0.02998517448440398,0.018393984946761338
86,0.02229763820847729,0.02807492198759719,0.005777283779119902,0.04671323334876943,0.05775351056136278,0.011040277212593347
87,0.01930096341184835,0.02501054082880874,0.00570957741696039,-0.01214690019563568,-0.01146351917314751,0.0006833810224881696
88,-0.000416427389375167,0.002333979082709993,0.00275040647208516,0.01869824489037274,0.02587984030497319,0.00718159541460045
89,-0.0002247525737329852,0.001853589771474071,0.002078342345207056,0.01960089539940818,0.01960008280689363,-8.12592514550653e-07
90,-0.05757757285656408,-0.05674330732245435,0.0008342655341097294,-0.0330553238097782,-0.02619528708967992,0.0068600367200982795
91,-0.01603413031620075,-0.01282589552440768,0.0032082347917930694,0.002787285755224002,0.006513856388535351,0.003726570633311349
92,-0.0002036028302070918,-0.01391380870415014,-0.01371020587394305,0.01373600819584099,0.02061147634137888,0.00687546814553789
93,0.02649695904255568,0.03110832473552873,0.00461136569297305,-0.009543303784121236,-0.006392668840005354,0.003150634944115882
94,0.08447231656261284,0.09014286305511778,0.005670546492504938,0.006497540648843279,0.00986781815099821,0.00337027750215493
95,0.02886172215683036,0.03157927539215307,0.0027175532353227103,0.01059370727233982,0.01352638103859135,0.0029326737662515295
96,-0.003109444120588887,0.004005582240877993,0.007115026361466879,-0.0145704114361688,-0.006596928827791271,0.00797348260837753
97,0.02742578669033392,0.02973154113470955,0.00230575444437563,0.03746628242639563,0.02285894091912051,-0.01460734150727512
98,0.04580026100381947,0.04945848934388632,0.003658228340066849,0.0008835570375144016,-0.003880194758170546,-0.004763751795684948
99,0.02912501588717205,0.03469432561762078,0.005569309730448727,-0.001247427311782667,0.0001064107668062206,0.0013538380785888876
