g_s025_l8_r3001_n128	0	5.460
g_s025_l8_r3002_n128	0	5.405
g_s025_l8_r3003_n128	0	5.854
g_s025_l8_r3004_n128	0	5.355
g_s025_l8_r3005_n128	0	5.138
g_s025_l16_r3001_n128	0	5.296
g_s025_l16_r3002_n128	0	5.303
g_s025_l16_r3003_n128	0	5.334
g_s025_l16_r3004_n128	0	5.196
g_s025_l16_r3005_n128	0	5.179
g_s1_l8_r3001_n128	0	6.318
g_s1_l8_r3002_n128	0	6.232
g_s1_l8_r3003_n128	0	6.552
g_s1_l8_r3004_n128	0	6.483
g_s1_l8_r3005_n128	0	6.422
g_s1_l16_r3001_n128	0	6.279
g_s1_l16_r3002_n128	0	6.437
g_s1_l16_r3003_n128	0	6.499
g_s1_l16_r3004_n128	0	6.570
g_s1_l16_r3005_n128	0	6.708
g_s4_l8_r3001_n128	0	6.588
g_s4_l8_r3002_n128	0	6.501
g_s4_l8_r3003_n128	0	6.706
g_s4_l8_r3004_n128	0	6.529
g_s4_l8_r3005_n128	0	6.600
g_s4_l16_r3001_n128	0	8.041
g_s4_l16_r3002_n128	0	7.710
g_s4_l16_r3003_n128	0	7.727
g_s4_l16_r3004_n128	0	7.995
g_s4_l16_r3005_n128	0	7.642
