m_s025_l8_r3001_n64	0	4.558
m_s025_l8_r3001_n128	0	5.592
m_s025_l8_r3001_n256	0	9.074
m_s025_l16_r3001_n64	0	5.327
m_s025_l16_r3001_n128	0	6.279
m_s025_l16_r3001_n256	0	9.515
m_s1_l8_r3001_n64	0	5.214
m_s1_l8_r3001_n128	0	5.936
m_s1_l8_r3001_n256	0	9.528
m_s1_l16_r3001_n64	0	5.421
m_s1_l16_r3001_n128	0	5.971
m_s1_l16_r3001_n256	0	9.802
m_s4_l8_r3001_n64	0	5.437
m_s4_l8_r3001_n128	0	5.809
m_s4_l8_r3001_n256	0	9.920
m_s4_l16_r3001_n64	0	5.982
m_s4_l16_r3001_n128	0	6.546
m_s4_l16_r3001_n256	0	11.023
m_s4_l16_r3002_n128	0	6.648
m_s4_l16_r3002_n256	0	11.122
m_s4_l16_r3003_n128	0	6.622
m_s4_l16_r3003_n256	0	11.136
